,_id,Datetime,Tweet Id,Text,Username
0,641e939aaf9b5844fe895a5b,1678836711000,1635785845985689600,"@gt62726646 @zoo_bear Adani is facing the stock market rout everyday and still standing. Why opposition doesn't bring up case against him in the court? Why they don't cancel his contracts in Punjab, Kerala? 
Also where was Hindenberg when American banks commited frauds and failed.",Avyay46766697
1,641e939aaf9b5844fe895a5c,1678836603000,1635785391306571776,"@Jairam_Ramesh Go n ask HINDENBERG ABT SVB? IF YOU FEEL THEY R ECPERTS, NUTERSL NOT CRISIS CRESTERS YO BUY THE STOCK THEY TARGET TO MAKE MINEY N SELL PATER FOR PROFIT, SHAME IN ALL THESE YRS U LEARNT NOTHING BUT scams  crimes riots2displace challangers2G family leadership",AstroPrashant
2,641e939aaf9b5844fe895a5d,1678836407000,1635784571454394368,Rahul Gandhi ji ki London speeches ke bahane Modi Sarkar  Hindenberg report se bhag rahi hai-anand Goel,AnandKu93696732
3,641e939aaf9b5844fe895a5e,1678834803000,1635777842062524420,@PaulEremenko Hindenberg.,PapaLaz24281810
4,641e939aaf9b5844fe895a5f,1678832436000,1635767913817808896,"@sommecourt @OldFrontLinePod Apologies for missing what sounds like another great evening .... scuppered by grandparental babysitting duties, though I did manage to listen to 'The Hindenberg Line' podcast once William was asleep - marvellous as usual.",htcRichardCroft
5,641e939aaf9b5844fe895a60,1678831536000,1635764137237045249,@Yuvi_A7 Whr m i defending Hindenberg.I know exactly what they do.They r predators. They r out thr to make profit. As long as they can make profits all is good for them. It doesn‚Äôt matter if some prey gets away.They r not the Federal Govt or regulators.They r not expected to catch every1!,MaithiliMuses
6,641e939aaf9b5844fe895a61,1678826770000,1635744149273219074,Hindenberg targeted an Indian conglomerate and mentioned that indian banks might be in trouble and now their banks are drowning and adani is recovering. Nice work #HidenbergResearch #hypocrite,akshay10027
7,641e939aaf9b5844fe895a62,1678826667000,1635743719113768960,"@drthomasisaac Both Britain and America are being bankrupt in many walks of life. The whole world knows well what hypocrisy both Hindenberg report and the BBC played to destabilize India. So we tell, ""As you sow, so shall you reap.""!!",Chinnanagouda1
8,641e939aaf9b5844fe895a63,1678825584000,1635739175243882496,@SanjayAzadSln @OberoiShelly Hindenberg ‡§ï‡•ã ‡§Ö‡§™‡§®‡•á ‡§¶‡•á‡§∂ ‡§ï‡•á ‡§¶‡•ã ‡§¨‡•à‡§Ç‡§ï ( SVB) ‡§î‡§∞ ‡§∏‡§ø‡§ó‡•ç‡§®‡•á‡§ö‡§∞ bank ‡§ï‡•á ‡§°‡•Ç‡§¨‡§®‡•á ‡§ï‡§æ ‡§ï‡•ã‡§à ‡§™‡§§‡§æ ‡§®‡§π‡•Ä‡§Ç ‡§ö‡§≤‡§æ ‡§î‡§∞ ‡§Ö‡§°‡§º‡§æ‡§®‡•Ä ‡§ï‡§æ ‡§π‡§ø‡§∏‡§æ‡§¨ ‡§¨‡§§‡§æ ‡§∞‡§π‡§æ ‡§π‡•à ‡§î‡§∞ ‡§§‡•Å‡§Æ ‡§ú‡•à‡§∏‡•á ‡§â‡§∏‡§ï‡•á ‡§™‡•Ä‡§õ‡•á ‡§≤‡§ó ‡§ó‡§è,sanjaymoscow
9,641e939aaf9b5844fe895a64,1678823582000,1635730776091406336,@pbhushan1 And no msg too from Hindenberg. Why is it so ?,NaveenRChandra2
10,641e939aaf9b5844fe895a65,1678823203000,1635729190174752769,"@SupriyaShrinate Hindenberg‚Äôs major investment was with First Republic Bank.
70% of their investments are washed away. More than they made by short selling of Adani Stocks.
This is KARMA üòáüòáüòÇ",BistRatansingh
11,641e939aaf9b5844fe895a66,1678820739000,1635718851827732481,@arunpudur HINDENBERG research trying to pull down India/ Adani group but unfortunately he failed to research on SVB in his own country.,GahlotAjendra
12,641e939aaf9b5844fe895a67,1678820549000,1635718055102644239,@HindenburgRes @BillAckman @majorgauravarya @sushantsareen  @vaibhavUP65 what abt the  Hindenberg.   Your views on down below report two days before SVB run in the bank. What abt SVB jokers in your backyard. Hey hindenberg is lost in the woods https://t.co/9Fxv1DZSbi,sauravchopra
13,641e939aaf9b5844fe895a68,1678820369000,1635717301663039505,@sandy190690 @Brijesh80878704 @shahtwitting @news24tvchannel Aur ye chalaki hota hain par illegal nahi...thik jaise Hindenberg apne aapko chalak samajhta hai aur waha U.S mein nak ke neeche se dusra sabse bada bank disaster hogya...2 banks dub Gaye...upar se FTX ka scam bhi hua tha....,Dcggd10
14,641e939aaf9b5844fe895a69,1678819549000,1635713861767528460,Hindenberg was not able to see the proble of #SVBCollapse but able to get sense of issues in #AdaniScam .... what an selective approach,dilip_d_vyas
15,641e939aaf9b5844fe895a6a,1678818408000,1635709075915669512,"Hindenberg disapproved of Hitler's treatment of the Jews
https://t.co/EOhCPuL3GP",ShylockCorbyn
16,641e939aaf9b5844fe895a6b,1678817602000,1635705694489055233,"@Sidd_hesh6360 What about Silicon Valley Bank, i think Hindenberg forgot to shorten the position in his own countries indexü§£ü§£ü§£. #AdaniScam",Abhishe46486888
17,641e939aaf9b5844fe895a6c,1678817431000,1635704978617823233,"@BellamSwathi @drthomasisaac Is this ranking given by 'Reporters Without Freedom from their masters'
We saw credibility of FORBES,the reality of Hindenberg ,in the last few months !!
Thanks to international media",dr_MNY
18,641e939aaf9b5844fe895a6d,1678816903000,1635702763794624512,"@rishibagree Plz someone tag the Hindenberg Research,so called American economist residing in india, n all the left liberal intellectuals..
This is some gold level stuff..",Crazy4FLICKshot
19,641e939aaf9b5844fe895a6e,1678816693000,1635701884580401152,"@guppystweet might be attack in indian enterprenuers like adani hindenberg, great nationalist and humble personalofied!",IsaacAnand1
20,641e939aaf9b5844fe895a6f,1678816611000,1635701538428694533,"@mymindvoice https://t.co/g92mCY2fxv

Soon they will turn this into attack against India, just like they did with Hindenberg Research on Adani.",mbsentinal
21,641e939aaf9b5844fe895a70,1678816383000,1635700584056487940,"I was telling 2 friends that we really don't joke about the Hindenburg enough considering it was such a big scary incident but everyone was okay. Why not laugh about it? 

That's how I found out that people died in the Hindenberg. üò¨ #IWasTodayYearsOld",racheal_sue
22,641e939aaf9b5844fe895a71,1678815099000,1635695198868242433,"@funnydrugs Ullu k pathhe tumhara Kam hindenberg aur cambridge me  dikha ....kuch bhi kar le lekin bharat desh aur desh vaasiyon ko andhere me nahi rakh sakega, tumhara bhanda fod ho chuka hai, ab tumhara number aayega",BidushGiri
23,641e939aaf9b5844fe895a72,1678813691000,1635689293384667138,"@MahuaMoitra @INCIndia @RahulGandhi deaf dumb and blind on Hindenberg over SVB, the dirt does stands ling, your efforts to destabilize india defame india will not work.",RakeshThaker2
24,641e939aaf9b5844fe895a73,1678813401000,1635688074570260480,@rimreaper0 @indomitablesoul @Jairam_Ramesh Like I said even Adani did not directly take on Hindenberg and refute their allegations. Adani CFO tried to obfuscate. He could not say that shell companies named by Hindenberg are real companies. That's how it is.,Sandeep59797292
25,641e939aaf9b5844fe895a74,1678813216000,1635687299383181312,"@rimreaper0 @indomitablesoul @Jairam_Ramesh They made a mistake. They are getting screwed. Biden has acknowledged the situation and shared a plan. That's how it should be. 
Adani-Hindenberg story is totally different. I thought you could discern this much. Why being willfully blind?",Sandeep59797292
26,641e939aaf9b5844fe895a75,1678812709000,1635685174418735104,@GopalSri Hindenberg looking for that hidden bug that replaced SVB with Adani üòÅüòÅ @KanchanGupta @Suhelseth @TheJaggi @Shehzad_Ind @ANI,ravitrr
27,641e939aaf9b5844fe895a76,1678812185000,1635682973818425345,"@asfastastgv @BhavikaKapoor5 @tinlaikhumbi Baseless feelings ? Is it not a fact that sl minister claimed Modi insisted them to give Adani some project , hindenberg put forth proofs of Vinod adani firms ingesting money into gautham Adani group   Prove me that they aren‚Äôt owned by Vinod or fund didn‚Äôt flow into Adani group",49naveen
28,641e939aaf9b5844fe895a77,1678812146000,1635682813004627968,On a lighter note &amp; reality with some fun... (not for Hindenberg and Soros lovers....) üòÇ https://t.co/Hd0HLE0G2b,shitul905
29,641e939aaf9b5844fe895a78,1678812064000,1635682469503545354,@singhalrajk hindenberg  . . . . LOL,anukulw
30,641e939aaf9b5844fe895a79,1678811474000,1635679995279577088,@pbhushan1 You should first ask hindenberg how much money they made in Adani episode? Do you have the guts?,SrShreeram
31,641e939aaf9b5844fe895a7a,1678811051000,1635678217171537920,"Breaking || Hindenberg‚Äôs Own account was with First Republic Bank.
 
70% of their deposits are washed away. More than they made by short selling of Adani Stocks.

This is KARMA üòáüòáüòÇ

Janeudhari par Mahadev kripa jee üôè",roshovani
32,641e939aaf9b5844fe895a7b,1678810355000,1635675298141200384,"@RahulGandhi ‡§•‡•ã‡§°‡§º‡§æ hindenberg ‡§∏‡•á ‡§≠‡•Ä ‡§™‡•Ç‡§õ ‡§≤‡•ã, SVB ‡§ï‡•Ä ‡§∞‡§ø‡§™‡•ã‡§∞‡•ç‡§ü ‡§ï‡•ç‡§Ø‡•ã‡§Ç ‡§®‡§π‡•Ä‡§Ç ‡§®‡§ø‡§ï‡§æ‡§≤‡•Ä‡•§",UttamRYadav
33,641e939aaf9b5844fe895a7c,1678810197000,1635674635437219840,@sanjeevsanyal where was hindenberg report of these things lol,bikramjitbiswas
34,641e939aaf9b5844fe895a7d,1678809540000,1635671880861630465,"@drunkJournalist @rishibagree No, hindenberg did not make billions.
They shorted their bonds and not stock. How much is the profitability of Hindenberg? Their position size?
     The best thing is that you remain drunk, journalism is beyond your scope.",pareshkp22
35,641e939aaf9b5844fe895a7e,1678808833000,1635668915702611968,"@SupriyaShrinate Abe yeh adani ne kitne rojgaar diye yeh bhi bata jara....hindenberg ki reports itni achi hai , itne ache analyst hai woh toh khud ke desh ki banks ko kyo nahi bacha paye",taparia_sharad
36,641e939aaf9b5844fe895a7f,1678807901000,1635665005566922757,"Thou shall bite both hands
#SVBCollapse     #Adani        #Hindenberg        #BeautifulWhispers",ODarshak
37,641e939aaf9b5844fe895a80,1678807219000,1635662146863505410,"Covid experts
Vaccine experts
Hindenberg experts
Short Sell Experts
Now guess what...
SVB Experts...
If there is no You Tube who will enlighten us?... ü§£ü§£",imprabhakaranc
38,641e939aaf9b5844fe895a81,1678806881000,1635660727213232128,@zykaar @OfficeOfDGP @RahulGandhi That they will not answer. The fact that Adani is sheepish about suing Hindenberg tells everything about how many skeletons are in the cupboard.,PH_Omnibus
39,641e939aaf9b5844fe895a82,1678806737000,1635660125745868800,"@nytimes @peterbakernyt How is it that the Hindenberg, BBC and American Government were not aware of the imminent collapse. They have so information about India and Indian Entrepreneurs like Adani but knows nothing about what is happening in their own Houses. Or there are no Sponsores for anti America",hrviswanath
40,641e939aaf9b5844fe895a83,1678806518000,1635659207428153344,"The joke is on people questioning hindenberg even after 10L crore mcap Wipeout! The joke isnt on them but on PPL who aren't questioning the promoters, regulators.",EquestCapital
41,641e939aaf9b5844fe895a84,1678806420000,1635658795207786496,@TOIPlus @timesofindia It's surprising that Hindenberg was not at all aware that so many Banks in America are collapsing. Probably Hindenberg was taking rest after researching about India and Adani. Or there were no Anti America Sponsores.,hrviswanath
42,641e939aaf9b5844fe895a85,1678806245000,1635658061695025153,"@Tushar_KN ...
hindenberg ne SEBI ke kuch Adani ke khilaaf action ke baare mein likha tha

SEBI ki history research ki aur Adani ke fraud ke against Kai action mile.

Par Adani ka jawaab nahi mila
...",Pulkit_Saraf
43,641e939aaf9b5844fe895a86,1678806036000,1635657185375174658,@TimesNow Hindenberg and BBC seems to be taking rest after researching about India and Adani. How's it that they were not at all aware of the collapse of Banks in America. Great Surprise you know. Probably there were no Sponsors for Researching on American Banks.,hrviswanath
44,641e939aaf9b5844fe895a87,1678805961000,1635656870714064896,"@Tushar_KN ...
aur research kiya to hindenberg ki report mili - kai sau sawal the - pehle 8-10 padhke Adani ka jawab research kiya

jawaab mein anti-national conspiracy ka campaign dikha.

chamakte chaand wala impressive dikhne wala australian hawa baazi kar raha tha",Pulkit_Saraf
45,641e939aaf9b5844fe895a88,1678805902000,1635656623816601600,@rishi_wip @BhavikaKapoor5 Reqd hindenberg report . if you are educated.. And if the report is wrong it can be challenged in international court. If proved hindenberg was wrong. Then that company gets closed for ever with jail term up to 15 years and lot of compensation. Plus advantage Adani gets full 1/2,Mehks191
46,641e939aaf9b5844fe895a89,1678805794000,1635656168965292037,"@onlyonenetra @sidd_sharma01 Don't lecture me on govt saving. This govt has shrunk businesses to their selected corrupt friends. Rules were bent to handover assets. Govt is mum on Adani-Hindenberg.
As for your question on my spending, yes spending has become very choosy because affordability is a problem now",mohammadanwar
47,641e939aaf9b5844fe895a8a,1678804976000,1635652737848209411,"@SVaidhyasubrama @svembu Now that the hindenberg and Soros attack failed miserably, and their own country's banks getting insovent.. change the track from business to family sentiment..

Our Tamil series directors should get better trained from these soap opera fellows ü§û",ikShanMani
48,641e939aaf9b5844fe895a8b,1678804498000,1635650732484448257,#AnpadhPM #GautamAdani #AdaniScam #Hindenberg #Kejriwal Read subtitles for those who don‚Äôt understand Spanish #SVB https://t.co/Zneue0LEPj,NumotoS
49,641e939aaf9b5844fe895a8c,1678804456000,1635650557196275712,#Hindenburg where the F is Hindenberg? #SVBCollapse,SkWip
50,641e939aaf9b5844fe895a8d,1678803615000,1635647032034725888,"@harshubh Hello Sir , 
I respectfully don't trust Astro Analysis , But I have a small question may be you would answer or may be not .

How much move did you captured in the budget session and Hindenberg Adani stocks movement through any segment ?",Nifty9inja
51,641e939aaf9b5844fe895a8e,1678802936000,1635644182759895040,@pbhushan1 @MahuaMoitra #PMModi pl answer on hindenberg report,RoshaniWaghmar1
52,641e939aaf9b5844fe895a8f,1678802407000,1635641962505158657,@sharimohan121 @prettypadmaja @sardesairajdeep Do you think @narendramodi created Hindenberg controversy or he told RaGa to go to UK and say what he said so that bills be passed in parliament without proper debate? Great thinking.,amitpar
53,641e939aaf9b5844fe895a90,1678801868000,1635639701980807170,"@ANI Lallu father grabbed billions to feed 8 children in millions, one of them is present Deputy CM, why Adani referred who is a prompt tax payer businessman, do u know what businesses Adani held and future plan? Don't get bully on Hindenberg report and Congress nonsense drama pls",Sudarshan2707
54,641e939aaf9b5844fe895a91,1678800884000,1635635573787627520,Hindenberg said Indian banks are at risk ü§£ü§£ü§£ https://t.co/ZunzkQEwEr,imgyans
55,641e939aaf9b5844fe895a92,1678800814000,1635635280412835840,@rimreaper0 @indomitablesoul @Jairam_Ramesh Bundling all US companies together ain't smart. Even Adani did not refute Hindenberg's pointed allegations. The fact that round tripping was done is irrefutable. We are living in moronic times where straight daylight fraud is obscured in the name of nationalism.,Sandeep59797292
56,641e939aaf9b5844fe895a93,1678800258000,1635632947888881668,"@srivatsayb So hindenberg is your daddy now..you talk like as if adani himself was moving heroine, do you have any proof???",JithinVa1
57,641e939aaf9b5844fe895a94,1678800180000,1635632621282824192,"@pbhushan1 Who hindenberg?if I say something on you, whether the govt  form JPC?what is the use of Jpc? politicians not even know about finance? Then again jpc  need help from SEBI?Better politicians should concentrate on facilities to the public rather than  single adani",laxma26
58,641e939aaf9b5844fe895a95,1678800138000,1635632444597751809,6. Hindenberg issue not discussed @nsitharaman @AmitShah @RahulGandhi @cpimspeak @Comradesmarx @BhimArmyChief,pallemurali26
59,641e939aaf9b5844fe895a96,1678799717000,1635630678690922496,@pbhushan1 @pbhushan1  Is  Hindenburg your company or what? Its proven that hindenberg is a scam company which made false data about other companies in past to make share prices fall so that they can buy shares at cheap cost. Why are you crying ? USA govt itself banned it.,TruelySpiritual
60,641e939aaf9b5844fe895a97,1678799095000,1635628070999818242,"@pbhushan1 Why don't u ask for a JPC on the US banks collapse &amp; failure of Moody's, Fitch, S&amp;P &amp; more specially Hindenberg ??? They are first ones to downgrade the rating of India / Indian Companies",raj_nab
61,641e939aaf9b5844fe895a98,1678798001000,1635623484742332416,"@sidd_sharma01 Tu tension mat le, jase TajMahal k revenue se uski vasooli ho rahi h , wase hi iski b ho jayegi üòÇ aur ye hindenberg swati maliwal k hashtag kyun lagaye h be , bhang khake betha h kya",GauravS01937002
62,641e939aaf9b5844fe895a99,1678797318000,1635620619902672896,"*2 Banks in #USA collapsed.*

*The International (Fake) Research Expert #Hindenberg who saw the problem with some Indian transactions could never predict the collapse of the Banks in their own backyard..!*

*Why??*

*Surprising!!*

*Gomal hai bhai...!!*",dramitmanohar
63,641e939aaf9b5844fe895a9a,1678796744000,1635618209192894464,How did hindenberg research not see svb collapse?,charliekadan
64,641e939aaf9b5844fe895a9b,1678796431000,1635616896656744448,@INCIndia @kharge Look at the Indian politics. Hindenberg report is on adani but US Bank failed. No JPC in US. Indian political parties are looking for JPC.,saurabhrobin200
65,641e939aaf9b5844fe895a9c,1678796016000,1635615157857427457,@INCIndia @kharge Hindenberg report was on adani but us Bank failed.,saurabhrobin200
66,641e939aaf9b5844fe895a9d,1678795785000,1635614190256926721,"@OnlyNakedTruth His article on how badly Indian airports are managed under Modi is ready, so this is a Hindenberg style Hit ‚Ä¶..",nikhil69_99
67,641e939aaf9b5844fe895a9e,1678795709000,1635613867987329024,@anandragn @amazonholder1 Hindenberg published short report on indisn stock adani but forget to study banks in his own backyard..banks earn money in rising rate..sorry mate $bac has 108 billon hole in HTM mtm.,PiyDW
68,641e939aaf9b5844fe895a9f,1678795549000,1635613198031413249,Two major banks in USA collapsed in 48 hours. Silicon Valley bank SVB andcrypto bank silvergate . No warning or research from hindenberg?? Surprise surprise!!üòÇüòÇüòÇüòÇüòÇ,nimeshshukla
69,641e939aaf9b5844fe895aa0,1678795408000,1635612605690830850,@sidd_sharma01 The hashtag Hindenberg says it all. We are slaves and we shouldn‚Äôt think big. Nobody took the money from ration and made the statue.,Vengabus
70,641e939aaf9b5844fe895aa1,1678794242000,1635607715891548163,@TimesAlgebraIND World class BBC telecast and Hindenberg reports analysis never come out quickly fact finding report on these Banks are getting collapse.,Muthiah60794424
71,641e939aaf9b5844fe895aa2,1678794228000,1635607657020276736,"‡§Æ‡§§‡§≤‡§¨ ‡§∏‡§æ‡§´ ‡§π‡•à ‡§Ö‡§ó‡§∞ ‡§Ü‡§™ #hindenberg ‡§î‡§∞ @Forbes ‡§ú‡•à‡§∏‡•á ‡§ï‡•ã ‡§Ü‡§ß‡§æ‡§∞ ‡§Æ‡§æ‡§®‡§ï‡§∞ ‡§∏‡§Æ‡§ù‡§§‡•á ‡§π‡•à‡§Ç ‡§ï‡§ø ‡§Ø‡§π ‡§ï‡§Ç‡§™‡§®‡•Ä ‡§Ö‡§ö‡•ç‡§õ‡§æ ‡§π‡•à ‡§§‡•ã ‡§Ü‡§™‡§ï‡•á ‡§∏‡§æ‡§• ‡§Ø‡§π ‡§µ‡§ø‡§¶‡•á‡§∂‡•Ä ‡§ï‡§Ç‡§™‡§®‡§ø‡§Ø‡§æ‡§Ç ‡§ß‡•ã‡§ñ‡§æ ‡§ï‡§∞ ‡§∞‡§π‡•Ä ‡§π‡•à
‡§´‡•ã‡§∞‡•ç‡§¨‡•ç‡§∏ ‡§®‡•á 7 ‡§Æ‡§æ‡§∞‡•ç‡§ö 23 ‡§ï‡•ã ‡§è‡§∏ ‡§µ‡•Ä ‡§¨‡•à‡§Ç‡§ï ‡§ï‡•ã ‡§∏‡§∞‡•ç‡§µ‡§∂‡•ç‡§∞‡•á‡§∑‡•ç‡§† ‡§¨‡•à‡§Ç‡§ï ‡§¨‡§§‡§æ‡§Ø‡§æ ‡§•‡§æ ‡§î‡§∞ 10 ‡§Æ‡§æ‡§∞‡•ç‡§ö 23 ‡§ï‡•ã ‡§Ø‡§π ‡§¨‡•à‡§Ç‡§ï ‡§¶‡§ø‡§µ‡§æ‡§≤‡§ø‡§Ø‡§æ ‡§π‡•ã ‡§ó‡§Ø‡§æ‡•§
‡§ò‡§ü‡§ø‡§Ø‡§æ ‡§™‡§§‡•ç‡§∞‡§ø‡§ï‡§æ‡•§
 ü§îü§î",ArunShri8
72,641e939aaf9b5844fe895aa3,1678794222000,1635607631556657153,"Meaning is clean if you base like #hindenberg and @Forbes understand that this company is good then this foreign companies with you are cheating
Forbes had described S V Bank as the best bank on 7 March 23 and on 10 March 23, the bank went bankrupt.
poor magazine.
 ü§îü§î",ArunShri8
73,641e939aaf9b5844fe895aa4,1678793725000,1635605549957140485,"@nik_oswal @HindenburgRes Hindenberg is a short-selling company and before Adani, there are numerous fraud American companies which are already under water due to Hindenberg's report........so stop this nonsense and face the truth.",zaksupritam
74,641e939aaf9b5844fe895aa5,1678793639000,1635605188324229121,An attack(hindenberg report) against India but denied discussion in parliament.,SayedAnish6
75,641e939aaf9b5844fe895aa6,1678793463000,1635604448230936577,@rimreaper0 @indomitablesoul @Jairam_Ramesh If Hindenberg details are not credible then you live in an illusion. I did not say Cong is perfect. But Bhakts definitely think Modi is perfect. That's the difference.,Sandeep59797292
76,641e939aaf9b5844fe895aa7,1678793323000,1635603863213580288,@Sandeep59797292 @indomitablesoul @Jairam_Ramesh Pappu lcker will say cong can do no wrong. Hindenberg is creditable like ur pappu. Did adani gone bankrupt? Country is doing fine which even make ur daddy west crying,rimreaper0
77,641e939aaf9b5844fe895aa8,1678793157000,1635603164425752581,@rimreaper0 @indomitablesoul @Jairam_Ramesh Andh Bhakts will say Modi can do no wrong. If someone (Hindenberg) gives credible evidence they ask but you did not catch SVB. Meanwhile the country can go to the dogs.,Sandeep59797292
78,641e939aaf9b5844fe895aa9,1678792763000,1635601512746344450,@BubnaNikunj @AdityaD_Shah Very true but we must try to clean ourselves prior to pointing figures to others. Hindenberg wrote a detailed report on ADANI and he didn't know what is happening in his own backyard.,DesiMadhukar
79,641e939aaf9b5844fe895aaa,1678792456000,1635600225715855362,"@TimesNow @RAJAGOPALAN1951 @NiyamikaS @anchoramitaw Why Hindenberg, did not short SVB, Signature and a host of other banksüò±why obvious mortgage security value decline not published in US market, a cursory study of balance sheets would highlight this impending debacle with bond yields risingüò± , who finances Hindenberg's agenda üòÅ",mailvng
80,641e939aaf9b5844fe895aab,1678792278000,1635599479738081280,"So hindenberg has caused an FPO of 3200 to be scrapped and subsequently Adani had to sell at 1400! Yet they shouldn't give a critical report with complete data, substantive evidence! 10 lakh crores wiped out yet they are questioned and not the regulators, promoters!",EquestCapital
81,641e939aaf9b5844fe895aac,1678791814000,1635597531932655616,"@MahuaMoitra Madam
Waiting your expert opinion on recent bank failure in US  of SVB, Signature, ..
Like your view on Adani after Hindenberg remarks",rksingh2012
82,641e939aaf9b5844fe895aad,1678791701000,1635597058869690369,@rishibagree Where is Hindenberg and Soros.,NAnandRao2
83,641e939aaf9b5844fe895aae,1678789369000,1635587277899595779,"@PreityUpala Right under nose of hindenberg biggest 
US Bank collapse
Where is their report
They r like all fart no
Shit.seems pappu of
US",TruthSingh2
84,641e939aaf9b5844fe895aaf,1678788284000,1635582725490110464,"@sidd_sharma01 vo sb to theek hai, ye hindenberg report , stock market crash , swati maliwal k tags ka idhr kya kaam?",vikasjhd
85,641e939aaf9b5844fe895ab0,1678787603000,1635579870825816064,@pbhushan1 Because Hindenberg has hidden Agenda which you know very well,sreedharbhatm
86,641e939aaf9b5844fe895ab1,1678787195000,1635578159382011904,"Many Domestic Foreign Entity Are On SEBI Radar For Short Selling Adani Stocks Pre And Post Hindenberg Report | Adani-Hindenberg Issue: ‡§Ö‡§°‡§æ‡§®‡•Ä ‡§∏‡§Æ‡•Ç‡§π ‡§ï‡•á ‡§∂‡•á‡§Ø‡§∞‡•ã‡§Ç ‡§ï‡•ã ‡§∂‡•â‡§∞‡•ç‡§ü ‡§ï‡§∞ ‡§Æ‡•Å‡§®‡§æ‡§´‡§æ ‡§¨‡§®‡§æ‡§®‡•á ‡§µ‡§æ‡§≤‡•ã‡§Ç ‡§™‡§∞ ‡§π‡•à ‡§∏‡•á‡§¨‡•Ä ‡§ï‡•Ä ‡§®‡§ú‡§∞

@gautam_adani
@AdaniOnline 

https://t.co/jbuzmYDnWr",Hindu_League
87,641e939aaf9b5844fe895ab2,1678787073000,1635577648222175232,How come Hindenberg missed to short SVB when the data was all there and a BIG PROFIT was there  for the taking and CEO was busy selling off his shares?   Guess they were so busy with researching Indian company that they  forgot their own backyard #HindenburgReport,KumarPrachanda
88,641e939aaf9b5844fe895ab3,1678786711000,1635576131117264897,@RockySIays @HindenburgRes @RahulGandhi @MahuaMoitra All the 3 great self called economists will revive the sillicon valley bank problem...ü§£ü§£üòâwonder y no predictions in this case by hindenberg..may be didn't get funds to do research,Anjali75977980
89,641e939aaf9b5844fe895ab4,1678786508000,1635575278557884417,@pbhushan1 HINDENBERG KE PHOTO RAKH KE PUJA KARO.AOUR TUHMARE LOGON SE BHI PUJA KARWAO.,ArunKummar2766
90,641e939aaf9b5844fe895ab5,1678786373000,1635574710850437126,Where‚Äôs hindenberg hiding ???,jeenaa08
91,641e939aaf9b5844fe895ab6,1678784779000,1635568025612210176,Any report of Hindenberg on SVB ?,kml14ksr
92,641e939aaf9b5844fe895ab7,1678783970000,1635564631849848832,@PaulEremenko The Hindenberg's failure was putting flammable hydrogen into a system that assumed the use of non-flammable helium. If you build something with hydrogen in mind it's obvious you'd take extra precautions to prevent it catching fire.,AtiyaahDollfie
93,641e939aaf9b5844fe895ab8,1678783072000,1635560868086972416,"@Elizatweetz Sab samjhte hain Rice bag.. 
Election nears
Soros barks
Hindenberg scrawls
Pappu goes to uk
Pappu craps
You pick the crap
You try to perfume it
But the stink is bad
People know it is crap
Come 2024
You will eat the crap",vijayendrabk3
94,641e939aaf9b5844fe895ab9,1678782834000,1635559868982599681,@pbhushan1 Hindenberg exposed Indian company but his own house was on fire resulted in bankruptcy of 2 major banks of their country. This is their quality of reporting and we fool believe that fool.,raj07126
95,641e939aaf9b5844fe895aba,1678782197000,1635557195785072641,@ChowkidarAkhand @TimesAlgebraIND I'm not saying Adani is broke &amp; he is being bailed out. I'm saying from starting itself even before the Hindenberg report frm 5-6 yrs back his stocks r used 2 pump black money frm offshore a/c to launder. Adani is biz partner of one old politician from MH. His money is influxed.,Adityaksgr
96,641e939aaf9b5844fe895abb,1678781519000,1635554352562868224,"@ndtv Hindenberg is a matter of past. Global economy, forget just adani, has deteriorated badly in the last few days.",KrishnaTalupuri
97,641e939aaf9b5844fe895abc,1678781229000,1635553135119724544,"Adani Hindenberg ‡§Æ‡§æ‡§Æ‡§≤‡•á ‡§™‡§∞ ‡§µ‡§ø‡§™‡§ï‡•ç‡§∑ ‡§ï‡•Ä JPC ‡§ï‡•Ä ‡§Æ‡§æ‡§Ç‡§ó 

Source: ANI's Youtube channel  @ANINewsIndia  
 #BTBazaar #BJP #JCP #AdaniGroup https://t.co/KBZRJ2Zrnf",BT_Bazaar
98,641e939aaf9b5844fe895abd,1678780645000,1635550687470952448,@dcstunner999 Did you have long position or BRS party has long position in Adani stocks. Else what is there to discuss on Hindenberg which has bet on short position on publicly available data.,MurlidharRao11
99,641e939aaf9b5844fe895abe,1678779956000,1635547799017373697,@nnojha @Veteran__007 Hindenberg Research efficiency is limited perhaps else SVB would have used their services,ChandrakanthMG
100,641e939aaf9b5844fe895abf,1678779935000,1635547709934272513,"Hindenberg worked very hard to prepare reports on Adani group, but how they were unable to predict Silicon Valley Bank collapse in USA",rockygajendra
101,641e939aaf9b5844fe895ac0,1678779892000,1635547527146803201,@karupande09 @AbhishBanerj Are you comparing FATF and hindenberg?,Picachu01737033
102,641e939aaf9b5844fe895ac1,1678779624000,1635546406428590082,I think its pretty obvious to all indians that @BJP4India is attacking @RahulGandhi coz they dont want to discuss #Adani #hindenberg and his connection with modi n bjp in the parliament,no_oneton
103,641e939aaf9b5844fe895ac2,1678779221000,1635544713175642112,@AbhishBanerj In the same way as hindenberg did,vin_mittal
104,641e939aaf9b5844fe895ac3,1678778235000,1635540577684193280,I think hindenberg gave a indirect short call to all US banks but Adani was a strong fort which they couldn't even shake it now they all are surrendering #Adani,ImShetty98
105,641e939aaf9b5844fe895ac4,1678778218000,1635540508310372352,@AbhishBanerj And the all knowing Hindenberg missed too?,appu_muthya
106,641e939aaf9b5844fe895ac5,1678778180000,1635540348658384897,"@sardesairajdeep Do you expect debate before 2024..foreigners providing issue to lame duck opposition and become puppets in hand of BBC,NYT,WSJ,HINDENBERG....",Amarjit6979
107,641e939aaf9b5844fe895ac6,1678777946000,1635539367216418816,"That is exactly what adani s are thinking about , when hindenberg comes to mindüòè",Kaksonica1
108,641e939aaf9b5844fe895ac7,1678776585000,1635533656948178944,@MLMANDOWARA BTW y r u against Hindenberg?,RottenOnly
109,641e939aaf9b5844fe895ac8,1678776570000,1635533593379323906,@Bitt2DA At Hindenberg head office...,kirankrmadan
110,641e939aaf9b5844fe895ac9,1678776549000,1635533508675514374,"@pbhushan1 Mr 1Re,  have you ever thought why hindenberg didn't probe SVB just under his nose? 
There are no Mr 1Re nor pappu nor barking dogs in US to shout at the government on the collapse od SVB",joshibv6
111,641e939aaf9b5844fe895aca,1678776546000,1635533495492653056,@MLMANDOWARA Hindenberg hi hoga iske peechhe.üòÇ,RottenOnly
112,641e939aaf9b5844fe895acb,1678776531000,1635533429893726208,"Credit Suisse
What about your credit
Hindenberg , are you missing something.
#investorsspace #creditscore #familyoffice #amfi #sebi #cii",PradyumnaSevek3
113,641e939aaf9b5844fe895acc,1678775705000,1635529966808109056,Need a Hindenberg report on this with immidiate effect ??? https://t.co/y7dwDIpYmK,AjayPratapVarma
114,641e939aaf9b5844fe895acd,1678775620000,1635529610497789952,HINDENBERG TRAGEDY @HindenburgRes @AdaniOnline @PMOIndia @Swamy39 @republic @nsitharaman @ShefVaidya @runews @annamalai_k @rashtrapatibhvn @sumanthraman @sgurumurthy @myogiadityanath https://t.co/Pagx95ea4e,RazorXbeam
115,641e939aaf9b5844fe895ace,1678774838000,1635526328853344256,@sardesairajdeep Adjournment motion was brought in by opposition. They want to stall the parliament from functioning. Supreme Court has already constituted a team to look into the investigation. What more is required for a conspiracy by Hindenberg? Which company is like a holy cow? None,urs_shaan
116,641e939aaf9b5844fe895acf,1678774097000,1635523224766394368,"@Reuters Mad man of india is silent about it who was outspoken about liar corrupt hindenberg report, where is ideot criminal soros",SaloniG83528096
117,641e939aaf9b5844fe895ad0,1678774025000,1635522920104730625,@oneofthelasttry Hindenberg ke samne se do bank gaya tel lene,Raamchanddrarao
118,641e939aaf9b5844fe895ad1,1678773982000,1635522740148133896,"You filed a petition in the Supreme Court and sought SC judge monitored enquiry against #Adani on the basis of #Hindenberg report..Supreme Court constituted a committee as sought by you..SC has given 2 months to both, the said Committee as well as the #SEBI to complete the‚Ä¶",JMehta65
119,641e939aaf9b5844fe895ad2,1678773103000,1635519055150088194,Shortseller market player #Hindenberg analysis needs #JPC. What does a damning report by a reputed international body #FATF report on #PriyankaVadra #Rana money laundering scam need? I am surprised at a mild reaction to FATF report üòä,RatanSharda55
120,641e939aaf9b5844fe895ad3,1678772399000,1635516101827366919,"Current situation of regional banks in US

@HindenburgRes please research all this company and public your reports like adani reports and say hold sell positions or not

Why targeting India @HindenburgRes ?

West propaganda expose

#Bankcollapse #bank #hindenberg #bankcrisis https://t.co/z0M0Yms638",hexocharlie
121,641e939aaf9b5844fe895ad4,1678772108000,1635514878587994113,"Congress MPs protesting in Parliament demanding JPC probe on Hindenberg report
@kcvenugopalmp
@NasirHussainINC @AdvJebiMather @shaktisinhgohil https://t.co/2vi3yWZbix",NiyamikaS
122,641e939aaf9b5844fe895ad5,1678772001000,1635514431508746241,Opposition parties are unnecessarily wasting time and energy in Adani issue where the hindenburg research report failed to report the SVB failure. They are piggybacking on hindenberg report on Adani crisis. The parliament time is being wasted when SC is seized of the matter,CVSPRAKASH4
123,641e939aaf9b5844fe895ad6,1678771796000,1635513572309749760,"@pkverma1970 @pbhushan1 There is no scam and absolutely no losses...Every big enterprise in the world like google,apple,amazon have faced similar charges of manipulation  that resulted in short term selling of stocks..These are headwinds only and Hindenberg like vultures wud try to feast on it",Rajat27336576
124,641e939aaf9b5844fe895ad7,1678771497000,1635512315574652929,"@pbhushan1 ‡§¶‡§æ‡§¶‡§æ...‡§∞‡•ã‡§ú hindenberg ‡§ï‡•ã ‡§ï‡•ç‡§Ø‡•Ç ‡§™‡•ç‡§∞‡§ß‡§æ‡§®‡•ç‡§Ø ‡§¶‡•á‡§§‡•á ‡§π‡•ã
US ‡§Æ‡•â‡§°‡§≤ ‡§ï‡•Ä ‡§ï‡•ç‡§Ø‡§æ ‡§π‡§æ‡§≤ ‡§π‡•à..‡§§‡•Ä‡§® ‡§ö‡§æ‡§∞ ‡§¨‡•à‡§Ç‡§ï ‡§°‡•Ç‡§¨ ‡§ó‡§è
‡§ï‡§≠‡•Ä ‡§Ö‡§™‡§®‡•á ‡§¶‡•á‡§∂ ‡§ï‡•Ä ‡§Ö‡§ö‡•ç‡§õ‡•Ä ‡§∏‡§ø‡§∏‡•ç‡§ü‡§Æ ‡§™‡§∞ ‡§ó‡•å‡§∞ ‡§ï‡§∞‡•ã
‡§Ü‡§™‡§ï‡•ã ‡§π‡§∞ ‡§ö‡•Ä‡§ú ‡§ó‡§≤‡§§ ‡§ï‡•ç‡§Ø‡•Ç ‡§≤‡§ó‡§§‡•Ä ‡§π‡•à
‡§Ü‡§ú ‡§á‡§Ç‡§°‡§ø‡§Ø‡§æ ‡§ú‡•ã ‡§™‡•ã‡§ú‡•Ä‡§∂‡§® ‡§Æ‡•á‡§Ç ‡§π‡•à ‡§µ‡•ã ‡§™‡•ç‡§∞‡§∏‡§∏‡§®‡•Ä‡§Ø ‡§π‡•à
‡§µ‡§∞‡§®‡§æ ‡§Ü‡§™ ‡§§‡•ã ‡§ï‡•ç‡§∞‡§æ‡§á‡§∏‡§ø‡§∏ ‡§ï‡•ã ‡§™‡§∏‡§Ç‡§¶ ‡§ï‡§∞‡§§‡•á ‡§π‡•ã",PiyushP20059070
125,641e939aaf9b5844fe895ad8,1678770803000,1635509405281300480,Looking for hindenberg and all opposition pappus in India #Bankcollapse,Partha_das12
126,641e939aaf9b5844fe895ad9,1678770776000,1635509294606221313,"@zoo_bear Do you remember hindenberg report, this is also foreign agency. You people believe in their report but not on our Indian agency. You all started commenting and demanding unnecessary things. You are correct and also among one of them suffering from ‚Äú GULAM WALI MANSIKTA‚Äù",umeshrsingh
127,641e939aaf9b5844fe895ada,1678770332000,1635507429587681283,"@RevatiSharma15 @amitmalviya BBC's neutrality may be farcical, we can all maybe concede to that, but Hindenberg's mission seems pretty focussed and goal oriented. https://t.co/h07RqH92kL",JohnOBr9635974
128,641e939aaf9b5844fe895adb,1678770203000,1635506891437535234,"Where is hindenberg? Not knowing situation about US Bank &amp; reporting about Indian companies. Further, people of India believe them. No difference between US &amp; China in manipulation. @HindenburgRes @RahulGandhi  chor shouting Adani &amp; Ambani government. #Bankcollapse",Dhanesh25353871
129,641e939aaf9b5844fe895adc,1678770199000,1635506874186358785,"@OpIndia_com As it seems, Hindenberg is certainly not a charitable trust to be relied upon.",prafullakumarm3
130,641e939aaf9b5844fe895add,1678769795000,1635505178244976640,"@darshanik1 @AbhishBanerj May be unlike George Sorrows and Hindenberg, he is not into making money at somebody else's cost; just a bit concerned about his own country. Possible.",_JPhilips
131,641e939aaf9b5844fe895ade,1678769452000,1635503741527810056,"@MajorPoonia Hindenberg poppet  ho gaya? There country bank collapsed. But he speard there wisdom to indian. How indian bank,LIC,adani collapsed. This prof that white r generally papu and brownie intelligent",dheeraj223192
132,641e939aaf9b5844fe895adf,1678769436000,1635503674905759745,@dhax0r @KS1ngh @BhavikaKapoor5 In that case why dont you consider those few pics and many articles published in foreign media and ask for a probe?? Why would you ignore Hindenberg report??,PreethamStj
133,641e939aaf9b5844fe895ae0,1678769408000,1635503557133877248,@SandipGhose @republic Is Hindenberg a watchdog of the US Economy or Banks?It is a private firm which is free to decide who it probes or not.Agreed it touched a raw nerve but to discredit it using this narrative is crass. Is a whistleblower/shortsellor supposed to do so/ blow the whistle in every case?,theamitkpaul
134,641e939aaf9b5844fe895ae1,1678769326000,1635503211632279553,@AbhishBanerj Ofcourse many Indians said including you against hindenberg. People in svb crisis questioning the mechanism if u observe and blaming the FED as in India people questioned government and worried about Adani. Things are normal if we remove propaganda and intent to create divide.,smurali236
135,641e939aaf9b5844fe895ae2,1678768806000,1635501030191562753,Pranam message for today manifested in Dhyan by @meenapranam #truth #love #karm #Consciousness #Pappu #DelhiLiquorPolicy #EnforcementDirectorate #Oscars¬† #NaatuNaatu #Hindenberg #ModiHaiTohMumkinHai #Rajdeep #Oscar2023 #DeepikaPadukone #HanumanJi #KashmirFiles https://t.co/nUGWwygEFo,anjali_kalia
136,641e939aaf9b5844fe895ae3,1678768567000,1635500029451575299,@hukari_mad Hindenberg be like.... https://t.co/ckYx5BN1NN,PoornimaNimo
137,641e939aaf9b5844fe895ae4,1678768564000,1635500017480810497,"@PoornimaNimo Today TOI 
US going to investigate who is responsible to collapse of SVB. Now India needs to start investigation of Hindenberg and other players for Adani Rumors.",hukari_mad
138,641e939aaf9b5844fe895ae5,1678768536000,1635499897607843840,@TimesAlgebraIND Hindenberg my ass,zeni1su__
139,641e939aaf9b5844fe895ae6,1678768238000,1635498649009688577,"@TimesNow @anchoramitaw They want JPC in order to drag on the issue. Members will be paid handsomely with car, etc provided. Life of JPC can extend beyond the next elections and they will play more politics. People attack Adani out of pure jealousy. Short-seller Hindenberg has made huge profits.",subraman2
140,641e939aaf9b5844fe895ae7,1678767870000,1635497103714820096,"@BhavikaKapoor5 What is this Adani scam? Have you read Hindenberg Report? They have not proved anything. Just cast aspersions. Now in two months we will know what is what. Hold your horses till then. And if you think that this issue will get you votes, Pl remember Rafael. Thank you.",RajeevShrikhand
141,641e939aaf9b5844fe895ae8,1678767719000,1635496469670285312,India will survive...rest can consult Hindenberg #stockmarketcrash,rinkiakpapa
142,641e939aaf9b5844fe895ae9,1678767670000,1635496266103922688,@pitchaijohn1961 üòÇHindenberg report  is scrwed after banks collapse in US. BBC next. and ur pappu is already ordering special delivery of coffin nails for his political carrier in UK. Hope u slaves live long to see that üòÇ,nidramayya
143,641e939aaf9b5844fe895aea,1678767553000,1635495773298196480,"Hindenberg ‡§∞‡§ø‡§™‡•ã‡§∞‡•ç‡§ü ‡§™‡§∞ ‡§ú‡•á‡§™‡•Ä‡§∏‡•Ä ‡§™‡§∞ ‡§ö‡§∞‡•ç‡§ö‡§æ ‡§ï‡•Ä ‡§Æ‡§æ‡§Ç‡§ó ‡§ï‡•ã ‡§≤‡•á‡§ï‡§∞ ‡§¨‡•Ä‡§Ü‡§∞‡§è‡§∏ ‡§∏‡§æ‡§Ç‡§∏‡§¶ ‡§ï‡•á ‡§ï‡•á‡§∂‡§µ‡§æ ‡§∞‡§æ‡§µ ‡§®‡•á ‡§∞‡§æ‡§ú‡•ç‡§Ø‡§∏‡§≠‡§æ ‡§Æ‡•á‡§Ç ‡§¨‡§ø‡§ú‡§®‡•á‡§∏ ‡§®‡•ã‡§ü‡§ø‡§∏ ‡§∏‡•ç‡§•‡§ó‡§ø‡§§ ‡§ï‡§∞‡§®‡•á ‡§ï‡§æ ‡§™‡•ç‡§∞‡§∏‡•ç‡§§‡§æ‡§µ ‡§∞‡§ñ‡§æ‡•§ hindenberg ‡§®‡•á ‡§∏‡§ø‡§≤‡§ø‡§ï‡•â‡§® ‡§µ‡•à‡§≤‡•Ä ‡§¨‡•à‡§Ç‡§ï ‡§ï‡•á ‡§ñ‡§æ‡§§‡•ã‡§Ç ‡§ï‡•Ä ‡§ú‡§æ‡§Ç‡§ö ‡§®‡§π‡•Ä‡§Ç ‡§ï‡•Ä, ‡§¨‡•à‡§Ç‡§ï ‡§¶‡§ø‡§≤‡§æ‡§µ‡§≤‡§ø‡§Ø‡§æ ‡§ò‡•ã‡§∑‡§ø‡§§ ‡§π‡•ã ‡§ó‡§Ø‡§æ‡•§
@PMOIndia @nsitharaman @AmitShah https://t.co/VrPtbptsYJ",Anandliv
144,641e939aaf9b5844fe895aeb,1678767304000,1635494732863508481,"@PawanDubey1190 @sonu96963365 @stvashish @SanjayAzadSln u dont know even the fundamentals of market linked investments.Not just LIC,many other equity funds have investments in Adani industries.Short seller Hindenberg has impacted stock values but losses wont occur until they r realized.Simple words,till LIC decide to sell their stake",Rajat27336576
145,641e939aaf9b5844fe895aec,1678766908000,1635493068114903044,@Ravisutanjani Where is hindenberg?? Didn't see they shorting us banks?,DrLizKeen
146,641e939aaf9b5844fe895aed,1678766429000,1635491058992967682,"Don't know where was hindenberg?

Financial stocks lose $465 billion globally on SVB impact worries

https://t.co/tv4sll8Nv0
Source : ""Money Control"" via Dailyhunt",Charaivety
147,641e939aaf9b5844fe895aee,1678765686000,1635487945137455104,@Mohansinha Reaction of Hindenberg but ultimately the truth.,CHMotivations
148,641e939aaf9b5844fe895aef,1678765125000,1635485590786564098,"Sectors @ Pre-Market Open

#Hindenberg #stockmarketcrash https://t.co/nJ6MsmYsk3",realtrend_in
149,641e939aaf9b5844fe895af0,1678765031000,1635485195590590466,"@MrSinha_ @nytimes Bahot saare Indian bhi hindenberg ki report leke uchhal rahe the usko ek hi baat kehni he

Agar uski report me itna hi dam hota to adani se pehle svb ki report leke aate vo

Par usko to India ko nicha dikhana tha so adani ko target kiya

Dekh lena adani me sab achchha aayega",hexocharlie
